{
  "api": "mtop.alsc.waimai.store.miniapp.store.detail.head.query",
  "data": {
    "resultMap": {
      "storeHead": {
        "storeHeadPoster": {
          "bizType": 1,
          "headImage": "60dbd0d6c82b0dc1286fb7e7fe44bdf6png",
          "userTrack": {
            "exposure_name": "exposure_headpicture",
            "click_name": "click_headpicture",
            "spm_d": "1",
            "spm_c": "headpicture",
            "bizParams": {
              "type": "1",
              "restaurant_id": "E9932998111534260931",
              "headpicture_type": "0"
            }
          }
        },
        "storeInfo": {
          "announcement": "目前活动较大，可以多看看【加料区】。【品牌连锁热线:400-105-3517】 拼一碗蛋炒饭首创木桶蒸饭，猛火炒饭，开店以来诞生了无数模仿者，一直被模仿从未被超越，吃炒饭认准拼一碗",
          "brandId": 680730,
          "deliveryTag": {
            "bgColor": "",
            "borderColor": "",
            "deliveryType": 1,
            "text": "蜂鸟快送",
            "textColor": ""
          },
          "inAirport": false,
          "jumpLink": "eleme://complexLayer?pageId=ShopInfo&selectedTab=0&requestParams=%7B%22eleStoreId%22%3A%22E9932998111534260931%22%2C%22couponVersion%22%3A%22v2%22%2C%22latitude%22%3A34.747506%2C%22headerType%22%3A%22ShopInfo%22%2C%22storeId%22%3A%22E9932998111534260931%22%2C%22selectedTab%22%3A0%2C%22longitude%22%3A113.625024%7D&utParams=%7B%22restaurant_id%22%3A%22E9932998111534260931%22%7D",
          "name": "拼一碗！蛋炒饭(绿城广场店)",
          "serviceDesc": [
            "约30分钟",
            "月售893",
            "食安险"
          ],
          "storeBusiness": {
            "businessStatus": 1,
            "closingCountDown": 35706,
            "closingTime": 1647955800,
            "nextCloseTime": "21:30",
            "nextOpenTime": "明天 10:00",
            "servingTime": [
              "10:00-21:30"
            ]
          },
          "storeId": "E9932998111534260931",
          "storeLogo": "85F807C1474D45BB8F9EC5E12181818Bpng",
          "storeLogoBadge": "35a1bb9025ab98c28112d82f83f73d7epng",
          "tbStoreId": "E1121545310363282735"
        },
        "storePromotionInfo": {
          "action": "3个优惠",
          "jumpLink": "eleme://complexLayer?pageId=Redpack&selectedTab=0&requestParams=%7B%22eleStoreId%22%3A%22E9932998111534260931%22%2C%22couponVersion%22%3A%22v2%22%2C%22latitude%22%3A34.747506%2C%22headerType%22%3A%22Redpack%22%2C%22storeId%22%3A%22E9932998111534260931%22%2C%22selectedTab%22%3A0%2C%22longitude%22%3A113.625024%7D&utParams=%7B%22restaurant_id%22%3A%22E9932998111534260931%22%7D",
          "storeActivityTags": [
            {
              "border": "FFA599",
              "color": "FF4B33",
              "desc": "",
              "extensionList": [],
              "separateType": 0,
              "tagCode": 50,
              "text": "20减20",
              "type": 1
            },
            {
              "border": "FFA599",
              "color": "FF4B33",
              "desc": "",
              "extensionList": [],
              "separateType": 0,
              "tagCode": 50,
              "text": "45减23",
              "type": 1
            },
            {
              "border": "FFA599",
              "color": "FF4B33",
              "desc": "",
              "extensionList": [],
              "separateType": 0,
              "tagCode": 50,
              "text": "58减25",
              "type": 1
            },
            {
              "border": "FFA599",
              "color": "FF4B33",
              "desc": "",
              "extensionList": [],
              "separateType": 0,
              "tagCode": 71,
              "text": "特价商品",
              "type": 1
            },
            {
              "border": "FFA599",
              "color": "FF4B33",
              "desc": "",
              "extensionList": [],
              "separateType": 0,
              "tagCode": 70,
              "text": "折扣商品",
              "type": 1
            }
          ],
          "storeCouponInfo": [
            {
              "acceptText": "兑",
              "amount": "6",
              "backGroundDTO": {},
              "couponId": 160,
              "jumpLink": "eleme://complexLayer?pageId=Redpack&selectedTab=0&requestParams=%7B%22eleStoreId%22%3A%22E9932998111534260931%22%2C%22couponVersion%22%3A%22v2%22%2C%22latitude%22%3A34.747506%2C%22headerType%22%3A%22Redpack%22%2C%22storeId%22%3A%22E9932998111534260931%22%2C%22selectedTab%22%3A0%2C%22longitude%22%3A113.625024%7D&utParams=%7B%22restaurant_id%22%3A%22E9932998111534260931%22%7D",
              "splitePhotoUrl": "https://cube.elemecdn.com/0/f1/a8151fc51544a0f9cd0ac7617ca7cpng.png",
              "status": 0,
              "titleDetail": "无门槛",
              "type": 1,
              "userTrack": {
                "exposure_name": "exposure_coupon",
                "spm_d": "1",
                "control_name": "click_coupon",
                "spm_c": "coupon",
                "bizParams": {
                  "type": 1,
                  "restaurant_id": "E9932998111534260931"
                }
              }
            }
          ]
        },
        "userTrack": {
          "switchShop": {
            "exposure_name": "exposure_switchshop",
            "spm_d": "1",
            "control_name": "click_switchshop",
            "spm_c": "switchshop"
          },
          "storeInfo": {
            "exposure_name": "exposure_commoninformation",
            "spm_d": "1",
            "control_name": "click_commoninformation",
            "spm_c": "commoninformation"
          },
          "activityInfo": {
            "exposure_name": "exposure_ShopDropDown",
            "spm_d": "1",
            "control_name": "click_ShopDropDown",
            "spm_c": "ShopDropDown"
          },
          "bizParams": {
            "restaurant_id": "E9932998111534260931",
            "trace_data": "{\"delivery_time\":\"30\"}"
          }
        }
      },
      "selfOperatedCard": {
        "operatedCards": [],
        "operatedCardsV2": []
      },
      "storeHeadNav": {
        "favored": {
          "favoredIconUrl": "https://gw.alicdn.com/tfs/TB1V8tNglFR4u4jSZFPXXanzFXa-84-84.png",
          "iconUrl": "https://img.alicdn.com/imgextra/i3/O1CN01cKdTIN1EwZRT7eWAt_!!6000000000416-2-tps-84-84.png",
          "iconUrlV2": "https://img.alicdn.com/imgextra/i1/O1CN01EUsXdn1UiP2jjFnXS_!!6000000002551-2-tps-84-84.png",
          "isFavored": false,
          "text": "关注",
          "type": 2,
          "userTrack": {
            "click": {
              "control_name": "click_collect",
              "spm_c": "collect",
              "spm_d": "1"
            },
            "bizParams": {
              "action_type": "addfav",
              "restaurant_id": "E9932998111534260931"
            }
          }
        },
        "moreAbility": {
          "expandAbility": [
            {
              "iconUrl": "https://gw.alicdn.com/tfs/TB15uuHcsieb18jSZFvXXaI3FXa-66-60.png",
              "jumpLink": "eleme://carts?alsccarts=true",
              "text": "购物车",
              "type": 0
            },
            {
              "iconUrl": "https://gw.alicdn.com/tfs/TB16OhLd7cx_u4jSZFlXXXnUFXa-57-57.png",
              "text": "分享商家",
              "type": 1
            }
          ],
          "iconUrl": "https://img.alicdn.com/imgextra/i1/O1CN01QNf9iB1t4tGb79BMY_!!6000000005849-2-tps-84-84.png",
          "iconUrlV2": "https://img.alicdn.com/imgextra/i3/O1CN01gEmPO11gHAsqylsZ7_!!6000000004116-2-tps-84-84.png",
          "type": 3,
          "userTrack": {
            "click": {
              "control_name": "click_specilactionentr",
              "spm_c": "specilactionentr",
              "spm_d": "1"
            },
            "bizParams": {
              "action_type": "addfav",
              "restaurant_id": "E9932998111534260931"
            }
          }
        },
        "redEnvelope": {
          "entranceType": 1,
          "iconUrl": "https://gw.alicdn.com/tfs/TB1zl0dfCR26e4jSZFEXXbwuXXa-60-66.png",
          "jumpLink": "eleme://complexLayer?pageId=Redpack&selectedTab=0&requestParams=%7B%22eleStoreId%22%3A%22E9932998111534260931%22%2C%22couponVersion%22%3A%22v2%22%2C%22latitude%22%3A34.747506%2C%22headerType%22%3A%22Redpack%22%2C%22storeId%22%3A%22E9932998111534260931%22%2C%22selectedTab%22%3A0%2C%22longitude%22%3A113.625024%7D&utParams=%7B%22restaurant_id%22%3A%22E9932998111534260931%22%7D",
          "type": 0
        },
        "search": {
          "iconUrl": "https://img.alicdn.com/imgextra/i3/O1CN01ksp9qw27FKvCQl3Ap_!!6000000007767-2-tps-84-84.png",
          "jumpLink": "eleme://search?restaurant_id=E9932998111534260931&search_type=1",
          "text": "想吃什么搜一搜",
          "type": 0,
          "userTrack": {
            "click": {
              "control_name": "click_search",
              "spm_c": "search",
              "spm_d": "1"
            },
            "bizParams": {
              "action_type": "addfav",
              "restaurant_id": "E9932998111534260931"
            }
          }
        }
      },
      "storeHeadPoster": {
        "bizType": 1,
        "headImage": "60dbd0d6c82b0dc1286fb7e7fe44bdf6png",
        "userTrack": {
          "exposure_name": "exposure_headpicture",
          "click_name": "click_headpicture",
          "spm_d": "1",
          "spm_c": "headpicture",
          "bizParams": {
            "type": "1",
            "restaurant_id": "E9932998111534260931",
            "headpicture_type": "0"
          }
        }
      },
      "storeTheme": {
        "backgroundColor": "#FFFFFFFF",
        "cartType": 0,
        "collocationThreshold": 1,
        "preventTireConfigDTO": {
          "allActionsInAllShops": 100,
          "limitedHours": 24,
          "oneActionInAllShops": 100,
          "oneActionInOneShop": 1,
          "shopHash": "d9339e4dced820d34db9fe37a65d7469",
          "shouldApply": true
        },
        "priceColor": "#FF4B33",
        "secondThemeColor": "#1402B6FD",
        "themeColor": "#02B6FD"
      },
      "storeMiniAppTab": [
        {
          "bizCode": "cell",
          "enableScrollToTop": true,
          "key": "menu_page",
          "order": 1,
          "pageType": 2,
          "sceneCode": "ELEME_SHOP_DETAIL_MENU",
          "scheme": "eleme://tabContainer/shopDetail/menu?restaurant_id=E9932998111534260931",
          "showFooter": true,
          "title": "点餐",
          "type": "0",
          "userTrack": {
            "tab": {
              "spm_d": "1",
              "control_name": "click_tab",
              "spm_c": "tab",
              "bizParams": {
                "restaurant_id": "E9932998111534260931",
                "tab_name": "点餐"
              }
            }
          }
        },
        {
          "bizCode": "cell",
          "enableScrollToTop": false,
          "key": "comment_page",
          "order": 2,
          "pageType": 0,
          "scheme": "eleme://tabContainer/shopDetail/comment?new_shop_detail=true&restaurant_id=E9932998111534260931",
          "showFooter": false,
          "subTitle": "4.7",
          "title": "评价",
          "type": "0",
          "userTrack": {
            "tab": {
              "spm_d": "2",
              "control_name": "click_tab",
              "spm_c": "tab",
              "bizParams": {
                "restaurant_id": "E9932998111534260931",
                "tab_name": "评价"
              }
            }
          }
        },
        {
          "bizCode": "cell",
          "enableScrollToTop": false,
          "key": "store_story_page",
          "order": 3,
          "pageType": 0,
          "scheme": "eleme://tabContainer/shopDetail/business?restaurant_id=E9932998111534260931",
          "showFooter": false,
          "subTitle": "故事",
          "title": "商家",
          "type": "0",
          "userTrack": {
            "tab": {
              "spm_d": "3",
              "control_name": "click_tab",
              "spm_c": "tab",
              "bizParams": {
                "restaurant_id": "E9932998111534260931",
                "tab_name": "商家"
              }
            }
          }
        },
        {
          "bizCode": "cell",
          "enableScrollToTop": false,
          "key": "piece_order",
          "order": 100,
          "pageType": 1,
          "pindanTabDTO": {
            "hasPindan": false
          },
          "scheme": "eleme://web?url=https%3A%2F%2Ftb.ele.me%2Fwow%2Fa%2Fact%2Feleme%2Fdailygroup%2F682%2Fwupr%3Fwh_pid%3Ddaily-205223%26restaurant_id%3DE9932998111534260931%26geohash%3Dww0v9te4y",
          "showFooter": false,
          "title": "好友拼单",
          "type": "1",
          "userTrack": {
            "mul_buy": {
              "spm_d": "4",
              "control_name": "click_mul_buy",
              "spm_c": "mul_buy",
              "bizParams": {
                "restaurant_id": "E9932998111534260931"
              }
            }
          }
        }
      ],
      "storeHeadBusinessInfo": null
    }
  },
  "ret": [
    "SUCCESS::调用成功"
  ],
  "v": "1.0"
}
